<?xml version="1.0" encoding="UTF-8"?>
<!DOCTYPE mapper
        PUBLIC "-//mybatis.org//DTD Mapper 3.0//EN"
        "http://mybatis.org/dtd/mybatis-3-mapper.dtd">
<mapper namespace="com.example.springboot.mybatis.demo.dao.MarketingCrowdFrequencyStatisticsMapper">

    <resultMap id="BaseResultMap" type="com.example.springboot.mybatis.demo.entity.MarketingCrowdFrequencyStatistics">
            <id property="id" column="id" jdbcType="BIGINT"/>
            <result property="businessGroup" column="business_group" jdbcType="VARCHAR"/>
            <result property="taskCnt" column="task_cnt" jdbcType="INTEGER"/>
            <result property="pTodayTrueNum" column="p_today_true_num" jdbcType="INTEGER"/>
            <result property="marketRate" column="market_rate" jdbcType="DECIMAL"/>
            <result property="smsTodayNum" column="sms_today_num" jdbcType="INTEGER"/>
            <result property="smsTodayTrueNum" column="sms_today_true_num" jdbcType="INTEGER"/>
            <result property="pushTodayNum" column="push_today_num" jdbcType="INTEGER"/>
            <result property="pushTodayTrueNum" column="push_today_true_num" jdbcType="INTEGER"/>
            <result property="aiTodayNum" column="ai_today_num" jdbcType="INTEGER"/>
            <result property="aiTodayTrueNum" column="ai_today_true_num" jdbcType="INTEGER"/>
            <result property="smsUser" column="sms_user" jdbcType="INTEGER"/>
            <result property="pushUser" column="push_user" jdbcType="INTEGER"/>
            <result property="aiUser" column="ai_user" jdbcType="INTEGER"/>
            <result property="smsTrueUser" column="sms_true_user" jdbcType="INTEGER"/>
            <result property="pushTrueUser" column="push_true_user" jdbcType="INTEGER"/>
            <result property="aiTrueUser" column="ai_true_user" jdbcType="INTEGER"/>
            <result property="smsSuccessRate" column="sms_success_rate" jdbcType="DECIMAL"/>
            <result property="aiSuccessRate" column="ai_success_rate" jdbcType="DECIMAL"/>
            <result property="pushSuccessRate" column="push_success_rate" jdbcType="DECIMAL"/>
            <result property="smsAvgNum" column="sms_avg_num" jdbcType="DECIMAL"/>
            <result property="pushAvgNum" column="push_avg_num" jdbcType="DECIMAL"/>
            <result property="aiAvgNum" column="ai_avg_num" jdbcType="DECIMAL"/>
            <result property="smsTrueAvgNum" column="sms_true_avg_num" jdbcType="DECIMAL"/>
            <result property="pushTrueAvgNum" column="push_true_avg_num" jdbcType="DECIMAL"/>
            <result property="aiTrueAvgNum" column="ai_true_avg_num" jdbcType="DECIMAL"/>
            <result property="ds" column="ds" jdbcType="VARCHAR"/>
            <result property="tag" column="tag" jdbcType="VARCHAR"/>
            <result property="createTime" column="create_time" jdbcType="TIMESTAMP"/>
            <result property="createdBy" column="created_by" jdbcType="VARCHAR"/>
            <result property="updateTime" column="update_time" jdbcType="TIMESTAMP"/>
            <result property="updatedBy" column="updated_by" jdbcType="VARCHAR"/>
            <result property="inUse" column="in_use" jdbcType="TINYINT"/>
    </resultMap>

    <sql id="Base_Column_List">
        id,business_group,task_cnt,
        p_today_true_num,market_rate,sms_today_num,
        sms_today_true_num,push_today_num,push_today_true_num,
        ai_today_num,ai_today_true_num,sms_user,
        push_user,ai_user,sms_true_user,
        push_true_user,ai_true_user,sms_success_rate,
        ai_success_rate,push_success_rate,sms_avg_num,
        push_avg_num,ai_avg_num,sms_true_avg_num,
        push_true_avg_num,ai_true_avg_num,ds,
        tag,create_time,created_by,
        update_time,updated_by,in_use
    </sql>

    <select id="selectByPrimaryKey" parameterType="java.lang.Long" resultMap="BaseResultMap">
        select
        <include refid="Base_Column_List" />
        from t_marketing_crowd_frequency_statistics
        <where>
        <if test="id != null">
            id = #{id}
        </if>

        </where>

    </select>

    <delete id="deleteByPrimaryKey" parameterType="java.lang.Long">
        delete from t_marketing_crowd_frequency_statistics
        where  id = #{id,jdbcType=BIGINT} 
    </delete>
    <insert id="insert" keyColumn="id" keyProperty="id" parameterType="com.example.springboot.mybatis.demo.entity.MarketingCrowdFrequencyStatistics" useGeneratedKeys="true">
        insert into t_marketing_crowd_frequency_statistics
        ( id,business_group,task_cnt
        ,p_today_true_num,market_rate,sms_today_num
        ,sms_today_true_num,push_today_num,push_today_true_num
        ,ai_today_num,ai_today_true_num,sms_user
        ,push_user,ai_user,sms_true_user
        ,push_true_user,ai_true_user,sms_success_rate
        ,ai_success_rate,push_success_rate,sms_avg_num
        ,push_avg_num,ai_avg_num,sms_true_avg_num
        ,push_true_avg_num,ai_true_avg_num,ds
        ,tag,create_time,created_by
        ,update_time,updated_by,in_use
        )
        values (#{id,jdbcType=BIGINT},#{businessGroup,jdbcType=VARCHAR},#{taskCnt,jdbcType=INTEGER}
        ,#{pTodayTrueNum,jdbcType=INTEGER},#{marketRate,jdbcType=DECIMAL},#{smsTodayNum,jdbcType=INTEGER}
        ,#{smsTodayTrueNum,jdbcType=INTEGER},#{pushTodayNum,jdbcType=INTEGER},#{pushTodayTrueNum,jdbcType=INTEGER}
        ,#{aiTodayNum,jdbcType=INTEGER},#{aiTodayTrueNum,jdbcType=INTEGER},#{smsUser,jdbcType=INTEGER}
        ,#{pushUser,jdbcType=INTEGER},#{aiUser,jdbcType=INTEGER},#{smsTrueUser,jdbcType=INTEGER}
        ,#{pushTrueUser,jdbcType=INTEGER},#{aiTrueUser,jdbcType=INTEGER},#{smsSuccessRate,jdbcType=DECIMAL}
        ,#{aiSuccessRate,jdbcType=DECIMAL},#{pushSuccessRate,jdbcType=DECIMAL},#{smsAvgNum,jdbcType=DECIMAL}
        ,#{pushAvgNum,jdbcType=DECIMAL},#{aiAvgNum,jdbcType=DECIMAL},#{smsTrueAvgNum,jdbcType=DECIMAL}
        ,#{pushTrueAvgNum,jdbcType=DECIMAL},#{aiTrueAvgNum,jdbcType=DECIMAL},#{ds,jdbcType=VARCHAR}
        ,#{tag,jdbcType=VARCHAR},#{createTime,jdbcType=TIMESTAMP},#{createdBy,jdbcType=VARCHAR}
        ,#{updateTime,jdbcType=TIMESTAMP},#{updatedBy,jdbcType=VARCHAR},#{inUse,jdbcType=TINYINT}
        )
    </insert>
    <insert id="insertSelective" keyColumn="id" keyProperty="id" parameterType="com.example.springboot.mybatis.demo.entity.MarketingCrowdFrequencyStatistics" useGeneratedKeys="true">
        insert into t_marketing_crowd_frequency_statistics
        <trim prefix="(" suffix=")" suffixOverrides=",">
                <if test="id != null">id,</if>
                <if test="businessGroup != null">business_group,</if>
                <if test="taskCnt != null">task_cnt,</if>
                <if test="pTodayTrueNum != null">p_today_true_num,</if>
                <if test="marketRate != null">market_rate,</if>
                <if test="smsTodayNum != null">sms_today_num,</if>
                <if test="smsTodayTrueNum != null">sms_today_true_num,</if>
                <if test="pushTodayNum != null">push_today_num,</if>
                <if test="pushTodayTrueNum != null">push_today_true_num,</if>
                <if test="aiTodayNum != null">ai_today_num,</if>
                <if test="aiTodayTrueNum != null">ai_today_true_num,</if>
                <if test="smsUser != null">sms_user,</if>
                <if test="pushUser != null">push_user,</if>
                <if test="aiUser != null">ai_user,</if>
                <if test="smsTrueUser != null">sms_true_user,</if>
                <if test="pushTrueUser != null">push_true_user,</if>
                <if test="aiTrueUser != null">ai_true_user,</if>
                <if test="smsSuccessRate != null">sms_success_rate,</if>
                <if test="aiSuccessRate != null">ai_success_rate,</if>
                <if test="pushSuccessRate != null">push_success_rate,</if>
                <if test="smsAvgNum != null">sms_avg_num,</if>
                <if test="pushAvgNum != null">push_avg_num,</if>
                <if test="aiAvgNum != null">ai_avg_num,</if>
                <if test="smsTrueAvgNum != null">sms_true_avg_num,</if>
                <if test="pushTrueAvgNum != null">push_true_avg_num,</if>
                <if test="aiTrueAvgNum != null">ai_true_avg_num,</if>
                <if test="ds != null">ds,</if>
                <if test="tag != null">tag,</if>
                <if test="createTime != null">create_time,</if>
                <if test="createdBy != null">created_by,</if>
                <if test="updateTime != null">update_time,</if>
                <if test="updatedBy != null">updated_by,</if>
                <if test="inUse != null">in_use,</if>
        </trim>
        <trim prefix="values (" suffix=")" suffixOverrides=",">
                <if test="id != null">#{id,jdbcType=BIGINT},</if>
                <if test="businessGroup != null">#{businessGroup,jdbcType=VARCHAR},</if>
                <if test="taskCnt != null">#{taskCnt,jdbcType=INTEGER},</if>
                <if test="pTodayTrueNum != null">#{pTodayTrueNum,jdbcType=INTEGER},</if>
                <if test="marketRate != null">#{marketRate,jdbcType=DECIMAL},</if>
                <if test="smsTodayNum != null">#{smsTodayNum,jdbcType=INTEGER},</if>
                <if test="smsTodayTrueNum != null">#{smsTodayTrueNum,jdbcType=INTEGER},</if>
                <if test="pushTodayNum != null">#{pushTodayNum,jdbcType=INTEGER},</if>
                <if test="pushTodayTrueNum != null">#{pushTodayTrueNum,jdbcType=INTEGER},</if>
                <if test="aiTodayNum != null">#{aiTodayNum,jdbcType=INTEGER},</if>
                <if test="aiTodayTrueNum != null">#{aiTodayTrueNum,jdbcType=INTEGER},</if>
                <if test="smsUser != null">#{smsUser,jdbcType=INTEGER},</if>
                <if test="pushUser != null">#{pushUser,jdbcType=INTEGER},</if>
                <if test="aiUser != null">#{aiUser,jdbcType=INTEGER},</if>
                <if test="smsTrueUser != null">#{smsTrueUser,jdbcType=INTEGER},</if>
                <if test="pushTrueUser != null">#{pushTrueUser,jdbcType=INTEGER},</if>
                <if test="aiTrueUser != null">#{aiTrueUser,jdbcType=INTEGER},</if>
                <if test="smsSuccessRate != null">#{smsSuccessRate,jdbcType=DECIMAL},</if>
                <if test="aiSuccessRate != null">#{aiSuccessRate,jdbcType=DECIMAL},</if>
                <if test="pushSuccessRate != null">#{pushSuccessRate,jdbcType=DECIMAL},</if>
                <if test="smsAvgNum != null">#{smsAvgNum,jdbcType=DECIMAL},</if>
                <if test="pushAvgNum != null">#{pushAvgNum,jdbcType=DECIMAL},</if>
                <if test="aiAvgNum != null">#{aiAvgNum,jdbcType=DECIMAL},</if>
                <if test="smsTrueAvgNum != null">#{smsTrueAvgNum,jdbcType=DECIMAL},</if>
                <if test="pushTrueAvgNum != null">#{pushTrueAvgNum,jdbcType=DECIMAL},</if>
                <if test="aiTrueAvgNum != null">#{aiTrueAvgNum,jdbcType=DECIMAL},</if>
                <if test="ds != null">#{ds,jdbcType=VARCHAR},</if>
                <if test="tag != null">#{tag,jdbcType=VARCHAR},</if>
                <if test="createTime != null">#{createTime,jdbcType=TIMESTAMP},</if>
                <if test="createdBy != null">#{createdBy,jdbcType=VARCHAR},</if>
                <if test="updateTime != null">#{updateTime,jdbcType=TIMESTAMP},</if>
                <if test="updatedBy != null">#{updatedBy,jdbcType=VARCHAR},</if>
                <if test="inUse != null">#{inUse,jdbcType=TINYINT},</if>
        </trim>
    </insert>
    <update id="updateByPrimaryKeySelective" parameterType="com.example.springboot.mybatis.demo.entity.MarketingCrowdFrequencyStatistics">
        update t_marketing_crowd_frequency_statistics
        <set>
                <if test="businessGroup != null">
                    business_group = #{businessGroup,jdbcType=VARCHAR},
                </if>
                <if test="taskCnt != null">
                    task_cnt = #{taskCnt,jdbcType=INTEGER},
                </if>
                <if test="pTodayTrueNum != null">
                    p_today_true_num = #{pTodayTrueNum,jdbcType=INTEGER},
                </if>
                <if test="marketRate != null">
                    market_rate = #{marketRate,jdbcType=DECIMAL},
                </if>
                <if test="smsTodayNum != null">
                    sms_today_num = #{smsTodayNum,jdbcType=INTEGER},
                </if>
                <if test="smsTodayTrueNum != null">
                    sms_today_true_num = #{smsTodayTrueNum,jdbcType=INTEGER},
                </if>
                <if test="pushTodayNum != null">
                    push_today_num = #{pushTodayNum,jdbcType=INTEGER},
                </if>
                <if test="pushTodayTrueNum != null">
                    push_today_true_num = #{pushTodayTrueNum,jdbcType=INTEGER},
                </if>
                <if test="aiTodayNum != null">
                    ai_today_num = #{aiTodayNum,jdbcType=INTEGER},
                </if>
                <if test="aiTodayTrueNum != null">
                    ai_today_true_num = #{aiTodayTrueNum,jdbcType=INTEGER},
                </if>
                <if test="smsUser != null">
                    sms_user = #{smsUser,jdbcType=INTEGER},
                </if>
                <if test="pushUser != null">
                    push_user = #{pushUser,jdbcType=INTEGER},
                </if>
                <if test="aiUser != null">
                    ai_user = #{aiUser,jdbcType=INTEGER},
                </if>
                <if test="smsTrueUser != null">
                    sms_true_user = #{smsTrueUser,jdbcType=INTEGER},
                </if>
                <if test="pushTrueUser != null">
                    push_true_user = #{pushTrueUser,jdbcType=INTEGER},
                </if>
                <if test="aiTrueUser != null">
                    ai_true_user = #{aiTrueUser,jdbcType=INTEGER},
                </if>
                <if test="smsSuccessRate != null">
                    sms_success_rate = #{smsSuccessRate,jdbcType=DECIMAL},
                </if>
                <if test="aiSuccessRate != null">
                    ai_success_rate = #{aiSuccessRate,jdbcType=DECIMAL},
                </if>
                <if test="pushSuccessRate != null">
                    push_success_rate = #{pushSuccessRate,jdbcType=DECIMAL},
                </if>
                <if test="smsAvgNum != null">
                    sms_avg_num = #{smsAvgNum,jdbcType=DECIMAL},
                </if>
                <if test="pushAvgNum != null">
                    push_avg_num = #{pushAvgNum,jdbcType=DECIMAL},
                </if>
                <if test="aiAvgNum != null">
                    ai_avg_num = #{aiAvgNum,jdbcType=DECIMAL},
                </if>
                <if test="smsTrueAvgNum != null">
                    sms_true_avg_num = #{smsTrueAvgNum,jdbcType=DECIMAL},
                </if>
                <if test="pushTrueAvgNum != null">
                    push_true_avg_num = #{pushTrueAvgNum,jdbcType=DECIMAL},
                </if>
                <if test="aiTrueAvgNum != null">
                    ai_true_avg_num = #{aiTrueAvgNum,jdbcType=DECIMAL},
                </if>
                <if test="ds != null">
                    ds = #{ds,jdbcType=VARCHAR},
                </if>
                <if test="tag != null">
                    tag = #{tag,jdbcType=VARCHAR},
                </if>
                <if test="createTime != null">
                    create_time = #{createTime,jdbcType=TIMESTAMP},
                </if>
                <if test="createdBy != null">
                    created_by = #{createdBy,jdbcType=VARCHAR},
                </if>
                <if test="updateTime != null">
                    update_time = #{updateTime,jdbcType=TIMESTAMP},
                </if>
                <if test="updatedBy != null">
                    updated_by = #{updatedBy,jdbcType=VARCHAR},
                </if>
                <if test="inUse != null">
                    in_use = #{inUse,jdbcType=TINYINT},
                </if>
        </set>
        where   id = #{id,jdbcType=BIGINT} 
    </update>
    <update id="updateByPrimaryKey" parameterType="com.example.springboot.mybatis.demo.entity.MarketingCrowdFrequencyStatistics">
        update t_marketing_crowd_frequency_statistics
        set 
            business_group =  #{businessGroup,jdbcType=VARCHAR},
            task_cnt =  #{taskCnt,jdbcType=INTEGER},
            p_today_true_num =  #{pTodayTrueNum,jdbcType=INTEGER},
            market_rate =  #{marketRate,jdbcType=DECIMAL},
            sms_today_num =  #{smsTodayNum,jdbcType=INTEGER},
            sms_today_true_num =  #{smsTodayTrueNum,jdbcType=INTEGER},
            push_today_num =  #{pushTodayNum,jdbcType=INTEGER},
            push_today_true_num =  #{pushTodayTrueNum,jdbcType=INTEGER},
            ai_today_num =  #{aiTodayNum,jdbcType=INTEGER},
            ai_today_true_num =  #{aiTodayTrueNum,jdbcType=INTEGER},
            sms_user =  #{smsUser,jdbcType=INTEGER},
            push_user =  #{pushUser,jdbcType=INTEGER},
            ai_user =  #{aiUser,jdbcType=INTEGER},
            sms_true_user =  #{smsTrueUser,jdbcType=INTEGER},
            push_true_user =  #{pushTrueUser,jdbcType=INTEGER},
            ai_true_user =  #{aiTrueUser,jdbcType=INTEGER},
            sms_success_rate =  #{smsSuccessRate,jdbcType=DECIMAL},
            ai_success_rate =  #{aiSuccessRate,jdbcType=DECIMAL},
            push_success_rate =  #{pushSuccessRate,jdbcType=DECIMAL},
            sms_avg_num =  #{smsAvgNum,jdbcType=DECIMAL},
            push_avg_num =  #{pushAvgNum,jdbcType=DECIMAL},
            ai_avg_num =  #{aiAvgNum,jdbcType=DECIMAL},
            sms_true_avg_num =  #{smsTrueAvgNum,jdbcType=DECIMAL},
            push_true_avg_num =  #{pushTrueAvgNum,jdbcType=DECIMAL},
            ai_true_avg_num =  #{aiTrueAvgNum,jdbcType=DECIMAL},
            ds =  #{ds,jdbcType=VARCHAR},
            tag =  #{tag,jdbcType=VARCHAR},
            create_time =  #{createTime,jdbcType=TIMESTAMP},
            created_by =  #{createdBy,jdbcType=VARCHAR},
            update_time =  #{updateTime,jdbcType=TIMESTAMP},
            updated_by =  #{updatedBy,jdbcType=VARCHAR},
            in_use =  #{inUse,jdbcType=TINYINT}
        where   id = #{id,jdbcType=BIGINT} 
    </update>
</mapper>
